{
  "loss": [
    0.05564751476049423,
    0.05180099979043007,
    0.05006667971611023,
    0.0481257438659668,
    0.04887797683477402,
    0.04412920027971268,
    0.042104270309209824,
    0.03320137783885002,
    0.022460654377937317,
    0.018213393166661263,
    0.014964302070438862,
    0.014351184479892254,
    0.011541293933987617,
    0.010757005773484707,
    0.009899085387587547,
    0.00989275611937046,
    0.009905603714287281,
    0.008941545151174068,
    0.0073600225150585175,
    0.007327565457671881,
    0.006771540269255638,
    0.00824486743658781,
    0.007598173338919878,
    0.00707629881799221,
    0.007018452510237694,
    0.007235545665025711,
    0.006843167822808027,
    0.006292237900197506,
    0.0068217176012694836,
    0.005763027351349592,
    0.006848746445029974,
    0.005748047027736902,
    0.005802213679999113,
    0.006006953306496143,
    0.00633523054420948,
    0.005663325544446707,
    0.005616308655589819,
    0.005167099647223949,
    0.0052454182878136635,
    0.005059408955276012,
    0.005434109829366207,
    0.005242100916802883,
    0.004958638455718756,
    0.0050735133700072765,
    0.004898788873106241,
    0.00490017281845212,
    0.005214477423578501,
    0.005449419375509024,
    0.004596065729856491,
    0.004811122082173824,
    0.0051920004189014435,
    0.0050291805528104305,
    0.004686213098466396
  ],
  "mae": [
    0.1863473504781723,
    0.17822036147117615,
    0.1780509203672409,
    0.17272616922855377,
    0.1763390451669693,
    0.1663750410079956,
    0.16021081805229187,
    0.1426708698272705,
    0.11663474887609482,
    0.10427034646272659,
    0.09409957379102707,
    0.09051626920700073,
    0.08021985739469528,
    0.07548782229423523,
    0.0705503597855568,
    0.06979222595691681,
    0.06935514509677887,
    0.06689776480197906,
    0.061056919395923615,
    0.062142662703990936,
    0.05768830329179764,
    0.06409309804439545,
    0.06146305054426193,
    0.05960289016366005,
    0.059165969491004944,
    0.05933399498462677,
    0.05746991187334061,
    0.055430907756090164,
    0.056977029889822006,
    0.052520763128995895,
    0.056462448090314865,
    0.0534537211060524,
    0.052108440548181534,
    0.051466286182403564,
    0.05166167765855789,
    0.051008377224206924,
    0.04988585785031319,
    0.04772958531975746,
    0.049268417060375214,
    0.048477903008461,
    0.04864845424890518,
    0.04815930873155594,
    0.04719221219420433,
    0.04742477834224701,
    0.04715293273329735,
    0.04578013718128204,
    0.0485953763127327,
    0.04747030511498451,
    0.04598284885287285,
    0.047232486307621,
    0.047393184155225754,
    0.046344999223947525,
    0.04628120735287666
  ],
  "val_loss": [
    0.08749175071716309,
    0.08447286486625671,
    0.08320726454257965,
    0.08009269833564758,
    0.07760031521320343,
    0.0717880129814148,
    0.06247584521770477,
    0.0422326922416687,
    0.027819300070405006,
    0.021749837324023247,
    0.017852384597063065,
    0.016376934945583344,
    0.01597747951745987,
    0.015958067029714584,
    0.013998082838952541,
    0.013921470381319523,
    0.01534270215779543,
    0.013842557556927204,
    0.013197439722716808,
    0.013019374571740627,
    0.01299856137484312,
    0.012279346585273743,
    0.013275300152599812,
    0.012010056525468826,
    0.011573731899261475,
    0.012435073032975197,
    0.014463390223681927,
    0.01204832922667265,
    0.011451350525021553,
    0.013083252124488354,
    0.010413399897515774,
    0.010822176933288574,
    0.01050922553986311,
    0.010336384177207947,
    0.011441197246313095,
    0.011902215890586376,
    0.010358866304159164,
    0.010704065673053265,
    0.010504615493118763,
    0.01045675203204155,
    0.0108565678820014,
    0.010658323764801025,
    0.010009784251451492,
    0.010517613962292671,
    0.010460987687110901,
    0.010228666476905346,
    0.01052437350153923,
    0.010959101840853691,
    0.010567014105618,
    0.01006715651601553,
    0.010285391472280025,
    0.010230210609734058,
    0.01020412240177393
  ],
  "val_mae": [
    0.2418220043182373,
    0.23055869340896606,
    0.2186145931482315,
    0.2290680706501007,
    0.21590621769428253,
    0.21301452815532684,
    0.184259831905365,
    0.15914273262023926,
    0.13566391170024872,
    0.11066897958517075,
    0.08963067084550858,
    0.08153056353330612,
    0.08727103471755981,
    0.08383394032716751,
    0.07598427683115005,
    0.06277316808700562,
    0.0805588886141777,
    0.0636310949921608,
    0.06348758190870285,
    0.06515217572450638,
    0.06973417848348618,
    0.057629164308309555,
    0.05708778277039528,
    0.05901433527469635,
    0.05221144109964371,
    0.05550280958414078,
    0.07113493978977203,
    0.06764420121908188,
    0.050138771533966064,
    0.06427088379859924,
    0.046546608209609985,
    0.04530797526240349,
    0.04486706480383873,
    0.045854419469833374,
    0.0452621728181839,
    0.049317844212055206,
    0.043289657682180405,
    0.04893769696354866,
    0.04739854484796524,
    0.04830116778612137,
    0.05021834373474121,
    0.044884975999593735,
    0.04380425065755844,
    0.04755570739507675,
    0.046251583844423294,
    0.044344764202833176,
    0.04192835092544556,
    0.052741002291440964,
    0.04296047240495682,
    0.04466193914413452,
    0.0438852421939373,
    0.046455930918455124,
    0.045338064432144165
  ],
  "learning_rate": [
    0.0010000000474974513,
    0.0010000000474974513,
    0.0010000000474974513,
    0.0010000000474974513,
    0.0010000000474974513,
    0.0010000000474974513,
    0.0010000000474974513,
    0.0010000000474974513,
    0.0010000000474974513,
    0.0010000000474974513,
    0.0010000000474974513,
    0.0010000000474974513,
    0.0010000000474974513,
    0.0010000000474974513,
    0.0010000000474974513,
    0.0010000000474974513,
    0.0010000000474974513,
    0.0010000000474974513,
    0.0010000000474974513,
    0.0010000000474974513,
    0.0010000000474974513,
    0.0010000000474974513,
    0.0010000000474974513,
    0.0010000000474974513,
    0.0010000000474974513,
    0.0010000000474974513,
    0.0010000000474974513,
    0.0010000000474974513,
    0.0010000000474974513,
    0.0010000000474974513,
    0.0010000000474974513,
    0.0010000000474974513,
    0.0010000000474974513,
    0.0010000000474974513,
    0.0010000000474974513,
    0.0010000000474974513,
    0.0005000000237487257,
    0.0005000000237487257,
    0.0005000000237487257,
    0.0005000000237487257,
    0.0005000000237487257,
    0.0002500000118743628,
    0.0002500000118743628,
    0.0002500000118743628,
    0.0002500000118743628,
    0.0002500000118743628,
    0.0002500000118743628,
    0.0002500000118743628,
    0.0001250000059371814,
    0.0001250000059371814,
    0.0001250000059371814,
    0.0001250000059371814,
    0.0001250000059371814
  ]
}