employee_id,fatigue_index,predicted_fatigue
SRB_04,0.2821428571428572,0.27955633
SRB_03,0.1766666666666667,0.2683096
SRB_02,0.2821428571428572,0.2649078
IND_01,0.2535714285714286,0.26216286
SRB_01,0.2385714285714286,0.25759134
CAN_09,0.06239285714285715,0.08906275
CAN_07,0.036011904761904766,0.044987563
CAN_04,0.03595238095238096,0.041555412
CAN_02,0.0,0.031130373
CAN_08,0.004,0.02273879
CAN_03,0.0,0.012239217
CAN_01,0.0,0.011576011
CAN_06,0.0,0.010548728
CAN_05,0.0075,0.0063746693
